	Node	Authority	Hubness	Ranks
0	1	0.0	0.2	0.024999999999999998
1	2	0.2	0.2	0.04625
2	3	0.2	0.2	0.0643125
3	4	0.2	0.2	0.07966562499999999
4	5	0.2	0.2	0.09271578124999999
5	6	0.2	0.0	0.10380841406249998
