	Node	Authority	New Authority	Hubness	New Hubness	Ranks	New Ranks
0	1	0.0	0.4997559785261103	0.2	0.6178646451730752	0.024999999999999998	0.16666666618633766
1	2	0.2	0.00012201073694485115	0.2	9.133254178463784e-05	0.04625	0.166666666258387
2	3	0.2	0.00012201073694485115	0.2	0.38186135720157094	0.0643125	0.16666666631962893
3	4	0.2	0.00012201073694485115	0.2	9.133254178463784e-05	0.07966562499999999	0.1666666663716846
4	5	0.2	0.4997559785261103	0.2	9.133254178463784e-05	0.09271578124999999	0.1666666664159319
5	6	0.2	0.00012201073694485115	0.0	0.0	0.10380841406249998	0.1666666664535421
