	Node	Authority	New Authority	Hubness	New Hubness	Ranks	New Ranks
0	1	0.2	0.6177600472813239	0.2	0.6178646451730752	0.2	0.22465469053484255
1	2	0.2	0.00014775413711583924	0.2	9.133254178463785e-05	0.2	0.22095648695461617
2	3	0.2	0.00014775413711583924	0.2	0.38186135720157094	0.2	0.21781301391142374
3	4	0.2	0.00014775413711583924	0.2	9.133254178463785e-05	0.2	0.21514106182471018
4	5	0.2	0.3817966903073286	0.2	9.133254178463785e-05	0.2	0.12143495127550183
