	Node	Authority	New Authority	Hubness	New Hubness	Ranks	New Ranks
0	1	0.19090909090909092	0.3383098192765027	0.19101123595505617	0.33830424122300395	0.17545159217677955	0.26166105722423416
1	2	0.3090909090909091	0.2795018132373927	0.3089887640449438	0.27953287156787754	0.324583496174211	0.33969164362402654
2	3	0.3090909090909091	0.1732853092681475	0.3089887640449438	0.17324220191208864	0.32458018227439583	0.2815567317761246
3	4	0.19090909090909092	0.20890305821795707	0.19101123595505617	0.20892068529702987	0.17544657746661824	0.11727440733656863
